Business Name,Website,Phone,Address
UK Heating & Plumbing Ltd,https://ukheatingandplumbing.com/,+44 7903 753797,"Barking IG11 0QA, United Kingdom"
My London Plumbers Ltd,http://www.mylondonplumbers.co.uk/,+44 7988 756241,
Pimlico Plumbers,https://www.pimlicoplumbers.com/,+44 20 8108 0808,"Pimlico House, 1 Sail St, London SE11 6NQ, United Kingdom"
London Plumbers,http://londonplumbers.com/,+44 7796 345453,"43 Sunnyside Rd, London W5 5HT, United Kingdom"
AP UK PLUMBING LTD,http://www.apukplumbing.com/,+44 7849 424718,
East London Plumbers,https://eastlondonplumber.com/,+44 7735 743440,"28 Wellington Way, Bow, London E3 4XA, United Kingdom"
Mayfair Plumbers,https://www.mayfairplumbers.london/,+44 20 3633 1526,"13, Mersey House, Liverpool Rd, London N7 8QE, United Kingdom"
Plumbing Plumbers Limited,http://www.plumb.london/,+44 7908 077902,"Goodmayes Ln, Ilford IG3 9PB, United Kingdom"
Plumus Ltd,http://www.plumus.com/?utm_campaign=gmb,+44 20 7126 7126,"167, 169 Great Portland St, London W1W 5PF, United Kingdom"
Paul The Plumber LTD,http://www.paultheplumberltd.co.uk/,+44 7794 533991,
