Business Name,Website,Phone,Address,Website Analysis
London Doctors Clinic Oxford Street,https://www.londondoctorsclinic.co.uk/clinics/oxford-street/?utm_source=GBOxSt&utm_medium=organic&utm_campaign=LocalSEO,+44 20 3733 5411,"6 Newburgh St, Carnaby, London W1F 7RQ, United Kingdom","The website text appears to be disjointed and repetitive, with multiple instances of the same services and phrases being listed, which can cause confusion and make it difficult for visitors to quickly understand the clinic's offerings and take action. A modern, high-converting website redesign could help to streamline the content, prioritize clear and concise messaging, and feature prominent calls-to-action to guide users towards booking an appointment or learning more about the clinic's services."
London Doctors Clinic Kings Cross,https://www.londondoctorsclinic.co.uk/clinics/kings-cross/?utm_source=GBKX&utm_medium=organic&utm_campaign=LocalSEO,+44 20 3733 5411,"283 Gray's Inn Rd, London WC1X 8QF, United Kingdom","The website text appears to be plagued by repetitive and disjointed content, lacking a clear structure and organization, which may confuse visitors and hinder their ability to find the information they need. A suggested solution would be to redesign the website with a modern, user-friendly interface, incorporating clear calls-to-action, concise service descriptions, and an intuitive navigation system to provide a seamless experience for patients and improve conversion rates."
London Doctors Clinic London Bridge,https://www.londondoctorsclinic.co.uk/clinics/london-bridge/?utm_source=GBLB&utm_medium=organic&utm_campaign=LocalSEO,+44 20 3733 5411,"Collegiate House, 9 St Thomas St, London SE1 9RY, United Kingdom","The website text appears to be repetitive and disorganized, with multiple instances of the same services and phrases being listed, which can cause confusion and make it difficult for visitors to quickly find the information they need. To improve the website, I would suggest designing a modern, high-converting website with a clear and concise layout, featuring prominent calls-to-action, easy navigation, and a streamlined presentation of services, allowing visitors to easily book appointments or find the information they need."
Doctorcall - Private GP Home Visits,http://doctorcall.co.uk/,+44 344 257 0345,"47 Nottingham Pl, London W1U 5LZ, United Kingdom","The website text appears to be a jumbled collection of services, testimonials, and company information, lacking a clear and concise structure, which may confuse visitors and make it difficult for them to quickly understand the benefits and unique value proposition of Doctorcall's private GP home visit services. To improve, I would suggest redesigning the website with a modern, high-converting layout that clearly communicates the services offered, features prominent calls-to-action, and utilizes white space effectively to create a seamless user experience that showcases Doctorcall's expertise and care."
The London General Practice,http://www.thelondongeneralpractice.com/,+44 20 7935 1000,"114A Harley St, London W1G 7JL, United Kingdom","The website for The London General Practice appears to be overwhelmed with a vast amount of information, resulting in a cluttered and confusing user experience, making it difficult for visitors to quickly understand the services offered and take the desired action. To improve this, I would suggest a complete redesign of the website, focusing on a modern, streamlined, and intuitive layout that clearly outlines the practice's services and features prominent calls-to-action, ultimately providing a more seamless and high-converting experience for potential patients."
London Doctors Clinic Liverpool Street,https://www.londondoctorsclinic.co.uk/clinics/liverpool-street?utm_source=GBLivSt&utm_medium=organic&utm_campaign=LocalSEO,+44 20 3733 5411,"9 New St, London EC2M 4TP, United Kingdom",Could not generate analysis due to repeated errors.
London Doctors Clinic Islington,https://www.londondoctorsclinic.co.uk/clinics/islington/?utm_source=GBIs&utm_medium=organic&utm_campaign=LocalSEO,+44 20 3733 5411,"The Business Design Centre, Unit 228 Upper St, Islington Grn, London N1 0QH, United Kingdom",Could not generate analysis due to repeated errors.
Same Day Doctor,https://samedaydoctor.org/,+44 20 7631 0090,"52 Queen Anne St, London W1G 8HL, United Kingdom",Could not generate analysis due to repeated errors.
Dr Martin - Private GPs - 14 Harley Street London,https://drmartingp.com/?utm_source=google&utm_medium=local&utm_campaign=harley,+44 20 4580 1414,"14 Harley St, London W1G 9PQ, United Kingdom",Could not generate analysis due to repeated errors.
Dr Sophia Khalique and Associates,https://drsophiakhalique.com/,+44 20 7935 4357,"101 Harley St, London W1G 6AH, United Kingdom",Could not generate analysis due to repeated errors.
