Business Name,Website,Phone,Address,Email
Dough Hands: HOME,https://www.doughhands.com/,N/A (Check Website),london,
Yard Sale Pizza,https://yardsalepizza.com/,N/A (Check Website),london,
Pizza Pilgrims,https://www.pizzapilgrims.co.uk/,N/A (Check Website),london,
Italian Restaurants Near You,https://www.pizzaexpress.com/,N/A (Check Website),london,
Home,https://topspizza.co.uk/,N/A (Check Website),london,
Marble Arch,https://www.pizzahut.co.uk/restaurants/find/details/marblearch,N/A (Check Website),london,
20 Best Pizza Places in London 2025,https://icco.co.uk/best-pizza-places-in-london/,N/A (Check Website),london,
The Pizza Room London,https://www.thepizzaroom.co.uk/,N/A (Check Website),london,
Detroit Pizza London – Baked in Blue Steel,https://detroitpizzalondon.com/,N/A (Check Website),london,
Fireaway Pizza,https://www.fireaway.co.uk/,N/A (Check Website),london,
