Business Name,Website,Phone,Address,Website Analysis,Email Draft
Priority Plumbing & Drains,https://priorityplumbing.ca/?utm_source=google_gbp&utm_medium=organic_search,+1 647-699-4912,"1594 Dupont St, Toronto, ON M6P 3S7, Canada","The current website text appears to be a jumbled collection of services, locations, and company information, lacking a clear and concise message, which may confuse potential customers and hinder their ability to quickly understand the services offered by Priority Plumbing & Drains. To improve, I would suggest a complete redesign of the website, focusing on a modern, high-converting layout that clearly outlines services, features prominent calls-to-action, and provides an intuitive user experience, making it easy for customers to find the information they need and book an appointment with the company.","Subject: Prioritizing Your Online Presence

Hi Priority Plumbing & Drains Team,
I've been impressed by your company's reputation for reliable plumbing services. However, I noticed your website could be clearer and more user-friendly, making it harder for customers to find what they need. Let's discuss how a modern redesign can boost conversions. Can we schedule a quick 5-min chat to explore possibilities?

Best,
[Your Name]
Web Solutions Expert"
Plumber To Your Door of Toronto,https://plumbertoyourdoor.ca/,+1 647-894-7354,"509 Bloor St W, Toronto, ON M5S 1Y2, Canada",Website unreachable or outdated; candidate for full redesign.,"Subject: Unlock Your Door to More Customers Online

Hi Plumber To Your Door Team,
I've been impressed by your commitment to providing top-notch plumbing services in Toronto. However, I noticed that your website is currently unreachable, which may be turning away potential customers. I'd love to discuss how a modern website redesign can boost your online presence. Can we schedule a quick 5-min chat to explore possibilities?

Best,
[Your Name]
Web Solutions Expert"
Royal Plumbing Services Ltd.,http://www.royalplumbingtoronto.com/,+1 416-537-0038,"614 Dufferin St, Toronto, ON M6K 2A9, Canada",Website unreachable or outdated; candidate for full redesign.,"Subject: The Royal Treatment Your Website Deserves

Hi Royal Plumbing Services Team,
I've been impressed by your company's reputation for excellent plumbing services in Toronto. However, I noticed that your website is currently unreachable, which may be affecting your online presence. I'd love to discuss how a modern website redesign can help. Can we schedule a quick 5-min chat to explore possibilities?

Best,
[Your Name]
Web Solutions Expert"
Brothers Plumbing,https://www.brothersplumbing.ca/,+1 416-656-6717,"130 Osler St, Toronto, ON M6N 2Y8, Canada","The website appears to be overwhelmed with repetitive and disorganized content, making it challenging for visitors to quickly understand the services offered and take action, which may lead to a high bounce rate and missed conversion opportunities. A modern, high-converting website with a clear and concise layout, prominent calls-to-action, and easy navigation could help Brothers Plumbing effectively communicate their value proposition and encourage visitors to schedule a service or contact them for more information.","Subject: Fixing the Pipes to Your Online Presence, Brothers?

Hi Brothers Plumbing Team,
I've been impressed by your commitment to providing top-notch plumbing services. However, I noticed your website could use some unclogging - the repetitive content might be causing visitors to get lost. Let's discuss how a revamped site can improve conversions. Can we schedule a quick 5-min chat to explore possibilities?

Best,
[Your Name]
Web Solutions Expert"
Drain King Plumbers Toronto,https://www.drainkingplumbers.ca/,+1 416-661-5464,"100 St Regis Crescent S #8, North York, ON M3J 1Y8, Canada","The website text for Drain King Plumbers Toronto appears to be a jumbled collection of services and location names, lacking a clear structure and cohesive messaging, which may confuse visitors and hinder their ability to quickly find the information they need. To improve, I would suggest redesigning the website with a modern, user-friendly interface that incorporates clear calls-to-action, concise service descriptions, and a prominent display of contact information to facilitate high-converting leads and a better overall user experience.","Subject: Unclog Your Online Presence, Drain King?

Hi Team,
I've been impressed by Drain King Plumbers' reputation for reliable services in Toronto. However, I noticed your website could be improved for better user experience. A modern redesign could help streamline your services and boost conversions. Let's discuss how to ""unclog"" your online presence - would you be open to a quick 5-min chat?

Best,
[Your Name]
Web Solutions Expert"
True Service Plumbing,http://trueserviceplumbing.ca/,+1 647-200-5238,"180 Brock Ave, Toronto, ON M6K 2L6, Canada","The website text appears to be overly repetitive and cluttered, with multiple instances of the same services and contact information listed throughout, which can be confusing for visitors and make it difficult for them to quickly find the information they need. A modern, high-converting website redesign could help to streamline the content, simplify the navigation, and prominently display clear calls-to-action (CTAs) to encourage visitors to request a free quote or contact True Service Plumbing for their plumbing needs.","Subject: True Service Deserves a True Online Presence

Hi Team,
I've been impressed by True Service Plumbing's commitment to excellence. However, I noticed that your website's repetitive content and cluttered layout might be confusing visitors. A modern redesign could streamline your online presence and boost conversions. Let's discuss how to take your website to the next level - would you be open to a quick 5-min chat?

Best,
[Your Name]
Web Solutions Expert"
Everest Drain & Plumbing Toronto,https://www.everestplumbing.ca/?utm_campaign=gmb,+1 416-383-7378,"31 Commercial Rd, Toronto, ON M4G 1Z3, Canada","The website text appears to be a jumbled collection of services, locations, and pages, lacking a clear structure and organization, which can confuse visitors and make it difficult for them to find the information they need. To improve the website, I would suggest a complete redesign, focusing on creating a modern, user-friendly, and high-converting website with clear calls-to-action, easy navigation, and a concise presentation of Everest Drain & Plumbing Toronto's services and expertise.","Subject: Reaching New Heights with Everest Plumbing's Online Presence

Hi Team,
I've been impressed by Everest Drain & Plumbing Toronto's reputation for excellent service. However, I noticed that your website's structure and organization might be confusing visitors. I'd love to discuss how a modern redesign can improve user experience and drive more conversions. Can we schedule a quick 5-min chat to explore this further?

Best,
[Your Name]
Web Solutions Expert"
Premier Plumbing,https://www.google.com/maps/reserve/appt/place/ChIJ32m3AnPM1IkRV96QbhQpnk8/mid/%2Fg%2F11byp6pc5_?sourceurl=https://www.google.com/search?q%3Dplumbers%2Bin%2BToronto%26udm%3D1%26start%3D0%26hl%3Den%26gl%3Dus&source=cat&sa=X&ved=2ahUKEwjhkfyuiu2SAxWM2skDHXL8N5UQ3YkLegQIRRAN,+1 647-947-2556,"196 Divadale Dr, East York, ON M4G 2P7, Canada",Website unreachable or outdated; candidate for full redesign.,"Subject: Premier Plumbing Deserves a Flowing Online Presence

Hi Team,
Premier Plumbing's reputation for excellent service is impressive. However, I noticed your website is currently unreachable, which may be affecting your online visibility. I'd love to discuss how a modern website redesign can improve your customer reach. Can we schedule a quick 5-min chat to explore possibilities?

Best,
[Your Name]
Web Solutions Expert"
Strong Plumbing Inc,https://www.strongplumbinginc.com/,+1 416-258-4068,"18 King St E, Toronto, ON M5C 1C4, Canada","The website text for Strong Plumbing Inc appears to be cluttered and overwhelming, with a lack of clear structure and visual hierarchy, making it difficult for visitors to quickly understand the company's services and take action, which is a major area of improvement for the website. 
A modern, high-converting website with a clean design, prominent calls-to-action, and easy-to-navigate service pages would help Strong Plumbing Inc to better showcase their expertise, build trust with potential customers, and ultimately drive more bookings and sales.","Subject: Building a Stronger Online Presence for Strong Plumbing

Hi Team,
I've been impressed by Strong Plumbing's reputation for reliable service. However, I noticed your website could be more effective at showcasing your expertise. A cleaner design and clearer structure would help visitors quickly understand your services and take action. Let's discuss how a modern website can drive more bookings and sales. Can we schedule a quick 5-min chat?

Best,
[Your Name]
Web Solutions Expert"
Advanced Plumbing & Drains,https://www.advancedplumbing.ca/,+1 416-769-8800,"Unit #3, 113 Annette St, Toronto, ON M6P 1N8, Canada","The website text appears to be a jumbled collection of services, testimonials, and company information, lacking a clear and concise structure, which may confuse visitors and make it difficult for them to quickly understand the company's offerings and take action. A modern, high-converting website with a clear and prominent call-to-action (CTA), such as ""Schedule a Service"" or ""Get a Quote,"" and a simplified navigation menu, would help to improve the user experience and encourage visitors to engage with Advanced Plumbing & Drains.","Subject: Advanced Solutions for Advanced Plumbing

Hi Team,
I've been impressed by Advanced Plumbing & Drains' reputation for excellent service. However, I noticed your website could be streamlined to better showcase your services and encourage visitors to take action. I'd love to discuss how a modern, user-friendly design can boost your online presence. Can we schedule a quick 5-min chat to explore possibilities?

Best,
[Your Name]
Web Solutions Expert"
